trial_id,date,hypothesis,asset,tf,model,features,barriers,horizon_h,rule,period_start,period_end,holdout,n_trades,hit,mean_bps,ci_lo_bps,ci_hi_bps,sr_trade,skew,kurt,n_trials_at_reg,dsr_at_reg,pbo,verdict,notes
1,2026-09-30,H1,BTCUSDT,1d,vol-target,sigma_20d,,24,"w=min(1,0.25/σ20) band15%",2017-09-07T00:00:00+00:00,2025-03-31T00:00:00+00:00,False,2763,,7.73779,,,0.0489154,0.259673,15.1509,1,,,не подтверждена,Sharpe 0.93 vs B&H 0.90; MDD 46.9% vs 83.2%; BTCUSDT_spot_1d
2,2026-09-30,H1,ETHUSDT,1d,vol-target,sigma_20d,,24,"w=min(1,0.25/σ20) band15%",2017-09-07T00:00:00+00:00,2025-03-31T00:00:00+00:00,False,2763,,5.91323,,,0.0385671,0.178466,8.30303,2,,,не подтверждена,Sharpe 0.74 vs B&H 0.70; MDD 54.9% vs 94.0%; ETHUSDT_spot_1d
3,2026-09-30,H2,BTCUSDT,1d,donchian,"5,10,20,30,60,90,150,250,360",mid_ratchet,,ансамбль · mid_ratchet; 0.25/σ90 cap1 band20% 10bps,2018-08-13T00:00:00+00:00,2025-03-31T00:00:00+00:00,False,2423,,5.32033,,,0.0663402,1.13142,14.6454,32,0.885245,,,Sharpe 1.27 MDD 18.8%; BTCUSDT_spot_1d
4,2026-09-30,H2,BTCUSDT,1d,donchian,"5,10,20,30,60,90,150,250,360",mid_plain,,ансамбль · mid_plain; 0.25/σ90 cap1 band20% 10bps,2018-08-13T00:00:00+00:00,2025-03-31T00:00:00+00:00,False,2423,,5.23095,,,0.0656905,1.14158,14.9411,32,0.878714,,,Sharpe 1.26 MDD 19.5%; BTCUSDT_spot_1d
5,2026-09-30,H2,BTCUSDT,1d,donchian,"5,10,20,30,60,90,150,250,360",lower,,ансамбль · lower; 0.25/σ90 cap1 band20% 10bps,2018-08-13T00:00:00+00:00,2025-03-31T00:00:00+00:00,False,2423,,6.0585,,,0.0634134,0.405085,15.2788,32,0.847739,,,Sharpe 1.21 MDD 22.0%; BTCUSDT_spot_1d
6,2026-09-30,H2,BTCUSDT,1d,donchian,5,mid_ratchet,,n=5 · mid_ratchet; 0.25/σ90 cap1 band20% 10bps,2018-08-13T00:00:00+00:00,2025-03-31T00:00:00+00:00,False,2693,,5.25453,,,0.0569052,1.50703,16.7379,32,0.812077,,,Sharpe 1.09 MDD 24.7%; BTCUSDT_spot_1d
7,2026-09-30,H2,BTCUSDT,1d,donchian,5,mid_plain,,n=5 · mid_plain; 0.25/σ90 cap1 band20% 10bps,2018-08-13T00:00:00+00:00,2025-03-31T00:00:00+00:00,False,2693,,5.4225,,,0.0604164,1.75893,18.2612,32,0.861057,,,Sharpe 1.15 MDD 25.0%; BTCUSDT_spot_1d
8,2026-09-30,H2,BTCUSDT,1d,donchian,5,lower,,n=5 · lower; 0.25/σ90 cap1 band20% 10bps,2018-08-13T00:00:00+00:00,2025-03-31T00:00:00+00:00,False,2693,,4.28113,,,0.0431266,1.17005,14.0685,32,0.556023,,,Sharpe 0.82 MDD 30.8%; BTCUSDT_spot_1d
9,2026-09-30,H2,BTCUSDT,1d,donchian,10,mid_ratchet,,n=10 · mid_ratchet; 0.25/σ90 cap1 band20% 10bps,2018-08-13T00:00:00+00:00,2025-03-31T00:00:00+00:00,False,2693,,5.47367,,,0.0619768,1.78361,19.8801,32,0.87924,,,Sharpe 1.18 MDD 23.0%; BTCUSDT_spot_1d
10,2026-09-30,H2,BTCUSDT,1d,donchian,10,mid_plain,,n=10 · mid_plain; 0.25/σ90 cap1 band20% 10bps,2018-08-13T00:00:00+00:00,2025-03-31T00:00:00+00:00,False,2693,,5.049,,,0.0575439,1.81871,20.4033,32,0.823249,,,Sharpe 1.10 MDD 28.1%; BTCUSDT_spot_1d
11,2026-09-30,H2,BTCUSDT,1d,donchian,10,lower,,n=10 · lower; 0.25/σ90 cap1 band20% 10bps,2018-08-13T00:00:00+00:00,2025-03-31T00:00:00+00:00,False,2693,,5.22093,,,0.0524434,1.0124,14.101,32,0.737382,,,Sharpe 1.00 MDD 24.7%; BTCUSDT_spot_1d
12,2026-09-30,H2,BTCUSDT,1d,donchian,20,mid_ratchet,,n=20 · mid_ratchet; 0.25/σ90 cap1 band20% 10bps,2018-08-13T00:00:00+00:00,2025-03-31T00:00:00+00:00,False,2693,,5.92187,,,0.0657079,1.50627,19.1976,32,0.913811,,,Sharpe 1.26 MDD 25.6%; BTCUSDT_spot_1d
13,2026-09-30,H2,BTCUSDT,1d,donchian,20,mid_plain,,n=20 · mid_plain; 0.25/σ90 cap1 band20% 10bps,2018-08-13T00:00:00+00:00,2025-03-31T00:00:00+00:00,False,2693,,5.75387,,,0.0643764,1.52862,19.6412,32,0.901896,,,Sharpe 1.23 MDD 25.6%; BTCUSDT_spot_1d
14,2026-09-30,H2,BTCUSDT,1d,donchian,20,lower,,n=20 · lower; 0.25/σ90 cap1 band20% 10bps,2018-08-13T00:00:00+00:00,2025-03-31T00:00:00+00:00,False,2693,,6.77236,,,0.0671778,1.06468,13.1341,32,0.923283,,,Sharpe 1.28 MDD 25.0%; BTCUSDT_spot_1d
15,2026-09-30,H2,BTCUSDT,1d,donchian,30,mid_ratchet,,n=30 · mid_ratchet; 0.25/σ90 cap1 band20% 10bps,2018-08-13T00:00:00+00:00,2025-03-31T00:00:00+00:00,False,2693,,6.81913,,,0.0742758,1.58334,18.6864,32,0.96725,,,Sharpe 1.42 MDD 25.3%; BTCUSDT_spot_1d
16,2026-09-30,H2,BTCUSDT,1d,donchian,30,mid_plain,,n=30 · mid_plain; 0.25/σ90 cap1 band20% 10bps,2018-08-13T00:00:00+00:00,2025-03-31T00:00:00+00:00,False,2693,,6.6361,,,0.0727697,1.60248,18.8945,32,0.960753,,,Sharpe 1.39 MDD 25.3%; BTCUSDT_spot_1d
17,2026-09-30,H2,BTCUSDT,1d,donchian,30,lower,,n=30 · lower; 0.25/σ90 cap1 band20% 10bps,2018-08-13T00:00:00+00:00,2025-03-31T00:00:00+00:00,False,2693,,6.69193,,,0.0634027,0.88368,12.2314,32,0.888254,,,Sharpe 1.21 MDD 32.0%; BTCUSDT_spot_1d
18,2026-09-30,H2,BTCUSDT,1d,donchian,60,mid_ratchet,,n=60 · mid_ratchet; 0.25/σ90 cap1 band20% 10bps,2018-08-13T00:00:00+00:00,2025-03-31T00:00:00+00:00,False,2693,,6.81967,,,0.07221,1.42874,18.5862,32,0.957014,,,Sharpe 1.38 MDD 16.3%; BTCUSDT_spot_1d
19,2026-09-30,H2,BTCUSDT,1d,donchian,60,mid_plain,,n=60 · mid_plain; 0.25/σ90 cap1 band20% 10bps,2018-08-13T00:00:00+00:00,2025-03-31T00:00:00+00:00,False,2693,,6.77972,,,0.0718295,1.43222,18.6314,32,0.95509,,,Sharpe 1.37 MDD 16.3%; BTCUSDT_spot_1d
20,2026-09-30,H2,BTCUSDT,1d,donchian,60,lower,,n=60 · lower; 0.25/σ90 cap1 band20% 10bps,2018-08-13T00:00:00+00:00,2025-03-31T00:00:00+00:00,False,2693,,7.53311,,,0.0703261,0.819805,12.1468,32,0.943415,,,Sharpe 1.34 MDD 24.8%; BTCUSDT_spot_1d
21,2026-09-30,H2,BTCUSDT,1d,donchian,90,mid_ratchet,,n=90 · mid_ratchet; 0.25/σ90 cap1 band20% 10bps,2018-08-13T00:00:00+00:00,2025-03-31T00:00:00+00:00,False,2693,,6.37929,,,0.0648056,1.18202,16.6471,32,0.903598,,,Sharpe 1.24 MDD 23.0%; BTCUSDT_spot_1d
22,2026-09-30,H2,BTCUSDT,1d,donchian,90,mid_plain,,n=90 · mid_plain; 0.25/σ90 cap1 band20% 10bps,2018-08-13T00:00:00+00:00,2025-03-31T00:00:00+00:00,False,2693,,6.28481,,,0.0642429,1.18547,16.9897,32,0.898289,,,Sharpe 1.23 MDD 23.1%; BTCUSDT_spot_1d
23,2026-09-30,H2,BTCUSDT,1d,donchian,90,lower,,n=90 · lower; 0.25/σ90 cap1 band20% 10bps,2018-08-13T00:00:00+00:00,2025-03-31T00:00:00+00:00,False,2693,,7.41555,,,0.0648367,-0.669844,35.8844,32,0.88808,,,Sharpe 1.24 MDD 35.8%; BTCUSDT_spot_1d
24,2026-09-30,H2,BTCUSDT,1d,donchian,150,mid_ratchet,,n=150 · mid_ratchet; 0.25/σ90 cap1 band20% 10bps,2018-08-13T00:00:00+00:00,2025-03-31T00:00:00+00:00,False,2633,,4.33107,,,0.0452405,0.579964,13.9834,32,0.588352,,,Sharpe 0.86 MDD 29.1%; BTCUSDT_spot_1d
25,2026-09-30,H2,BTCUSDT,1d,donchian,150,mid_plain,,n=150 · mid_plain; 0.25/σ90 cap1 band20% 10bps,2018-08-13T00:00:00+00:00,2025-03-31T00:00:00+00:00,False,2633,,4.33107,,,0.0452405,0.579964,13.9834,32,0.588352,,,Sharpe 0.86 MDD 29.1%; BTCUSDT_spot_1d
26,2026-09-30,H2,BTCUSDT,1d,donchian,150,lower,,n=150 · lower; 0.25/σ90 cap1 band20% 10bps,2018-08-13T00:00:00+00:00,2025-03-31T00:00:00+00:00,False,2633,,4.88163,,,0.0431018,-1.0179,36.5258,32,0.543069,,,Sharpe 0.82 MDD 42.1%; BTCUSDT_spot_1d
27,2026-09-30,H2,BTCUSDT,1d,donchian,250,mid_ratchet,,n=250 · mid_ratchet; 0.25/σ90 cap1 band20% 10bps,2018-08-13T00:00:00+00:00,2025-03-31T00:00:00+00:00,False,2533,,4.91587,,,0.049303,0.616412,13.1429,32,0.650055,,,Sharpe 0.94 MDD 32.7%; BTCUSDT_spot_1d
28,2026-09-30,H2,BTCUSDT,1d,donchian,250,mid_plain,,n=250 · mid_plain; 0.25/σ90 cap1 band20% 10bps,2018-08-13T00:00:00+00:00,2025-03-31T00:00:00+00:00,False,2533,,4.91587,,,0.049303,0.616412,13.1429,32,0.650055,,,Sharpe 0.94 MDD 32.7%; BTCUSDT_spot_1d
29,2026-09-30,H2,BTCUSDT,1d,donchian,250,lower,,n=250 · lower; 0.25/σ90 cap1 band20% 10bps,2018-08-13T00:00:00+00:00,2025-03-31T00:00:00+00:00,False,2533,,5.96496,,,0.0488993,-0.397286,20.9213,32,0.638769,,,Sharpe 0.93 MDD 30.6%; BTCUSDT_spot_1d
30,2026-09-30,H2,BTCUSDT,1d,donchian,360,mid_ratchet,,n=360 · mid_ratchet; 0.25/σ90 cap1 band20% 10bps,2018-08-13T00:00:00+00:00,2025-03-31T00:00:00+00:00,False,2423,,5.19382,,,0.0515833,0.530547,12.8515,32,0.671146,,,Sharpe 0.99 MDD 34.8%; BTCUSDT_spot_1d
31,2026-09-30,H2,BTCUSDT,1d,donchian,360,mid_plain,,n=360 · mid_plain; 0.25/σ90 cap1 band20% 10bps,2018-08-13T00:00:00+00:00,2025-03-31T00:00:00+00:00,False,2423,,5.19382,,,0.0515833,0.530547,12.8515,32,0.671146,,,Sharpe 0.99 MDD 34.8%; BTCUSDT_spot_1d
32,2026-09-30,H2,BTCUSDT,1d,donchian,360,lower,,n=360 · lower; 0.25/σ90 cap1 band20% 10bps,2018-08-13T00:00:00+00:00,2025-03-31T00:00:00+00:00,False,2423,,6.28831,,,0.0511805,-0.552244,20.1578,32,0.659326,,,Sharpe 0.98 MDD 35.0%; BTCUSDT_spot_1d
33,2026-09-30,H2,ETHUSDT,1d,donchian,"5,10,20,30,60,90,150,250,360",mid_ratchet,,ансамбль · mid_ratchet; 0.25/σ90 cap1 band20% 10bps,2018-08-13T00:00:00+00:00,2025-03-31T00:00:00+00:00,False,2423,,4.13661,,,0.0559583,0.895066,20.1366,62,0.656705,,,Sharpe 1.07 MDD 15.0%; ETHUSDT_spot_1d
34,2026-09-30,H2,ETHUSDT,1d,donchian,"5,10,20,30,60,90,150,250,360",mid_plain,,ансамбль · mid_plain; 0.25/σ90 cap1 band20% 10bps,2018-08-13T00:00:00+00:00,2025-03-31T00:00:00+00:00,False,2423,,4.14525,,,0.0566717,0.929135,20.7225,62,0.669894,,,Sharpe 1.08 MDD 14.6%; ETHUSDT_spot_1d
35,2026-09-30,H2,ETHUSDT,1d,donchian,"5,10,20,30,60,90,150,250,360",lower,,ансамбль · lower; 0.25/σ90 cap1 band20% 10bps,2018-08-13T00:00:00+00:00,2025-03-31T00:00:00+00:00,False,2423,,4.28053,,,0.0493407,0.419725,11.5726,62,0.52837,,,Sharpe 0.94 MDD 19.2%; ETHUSDT_spot_1d
36,2026-09-30,H2,ETHUSDT,1d,donchian,5,mid_ratchet,,n=5 · mid_ratchet; 0.25/σ90 cap1 band20% 10bps,2018-08-13T00:00:00+00:00,2025-03-31T00:00:00+00:00,False,2693,,3.99818,,,0.0429174,1.31171,18.6395,62,0.446661,,,Sharpe 0.82 MDD 24.4%; ETHUSDT_spot_1d
37,2026-09-30,H2,ETHUSDT,1d,donchian,5,mid_plain,,n=5 · mid_plain; 0.25/σ90 cap1 band20% 10bps,2018-08-13T00:00:00+00:00,2025-03-31T00:00:00+00:00,False,2693,,3.36571,,,0.0374858,1.38301,19.2952,62,0.336383,,,Sharpe 0.72 MDD 27.3%; ETHUSDT_spot_1d
38,2026-09-30,H2,ETHUSDT,1d,donchian,5,lower,,n=5 · lower; 0.25/σ90 cap1 band20% 10bps,2018-08-13T00:00:00+00:00,2025-03-31T00:00:00+00:00,False,2693,,3.58595,,,0.0362438,0.961611,16.0195,62,0.314055,,,Sharpe 0.69 MDD 29.6%; ETHUSDT_spot_1d
39,2026-09-30,H2,ETHUSDT,1d,donchian,10,mid_ratchet,,n=10 · mid_ratchet; 0.25/σ90 cap1 band20% 10bps,2018-08-13T00:00:00+00:00,2025-03-31T00:00:00+00:00,False,2693,,5.49734,,,0.060004,1.30736,19.8197,62,0.782323,,,Sharpe 1.15 MDD 17.6%; ETHUSDT_spot_1d
40,2026-09-30,H2,ETHUSDT,1d,donchian,10,mid_plain,,n=10 · mid_plain; 0.25/σ90 cap1 band20% 10bps,2018-08-13T00:00:00+00:00,2025-03-31T00:00:00+00:00,False,2693,,5.05853,,,0.0569647,1.24858,19.9993,62,0.730852,,,Sharpe 1.09 MDD 17.6%; ETHUSDT_spot_1d
41,2026-09-30,H2,ETHUSDT,1d,donchian,10,lower,,n=10 · lower; 0.25/σ90 cap1 band20% 10bps,2018-08-13T00:00:00+00:00,2025-03-31T00:00:00+00:00,False,2693,,5.32644,,,0.0529373,0.929788,14.7213,62,0.65431,,,Sharpe 1.01 MDD 24.8%; ETHUSDT_spot_1d
42,2026-09-30,H2,ETHUSDT,1d,donchian,20,mid_ratchet,,n=20 · mid_ratchet; 0.25/σ90 cap1 band20% 10bps,2018-08-13T00:00:00+00:00,2025-03-31T00:00:00+00:00,False,2693,,5.49485,,,0.0606091,1.15015,18.8426,62,0.790729,,,Sharpe 1.16 MDD 22.7%; ETHUSDT_spot_1d
43,2026-09-30,H2,ETHUSDT,1d,donchian,20,mid_plain,,n=20 · mid_plain; 0.25/σ90 cap1 band20% 10bps,2018-08-13T00:00:00+00:00,2025-03-31T00:00:00+00:00,False,2693,,5.61869,,,0.0621436,1.15812,19.0383,62,0.813632,,,Sharpe 1.19 MDD 22.4%; ETHUSDT_spot_1d
44,2026-09-30,H2,ETHUSDT,1d,donchian,20,lower,,n=20 · lower; 0.25/σ90 cap1 band20% 10bps,2018-08-13T00:00:00+00:00,2025-03-31T00:00:00+00:00,False,2693,,5.50581,,,0.0550633,0.594858,14.4185,62,0.69325,,,Sharpe 1.05 MDD 27.4%; ETHUSDT_spot_1d
45,2026-09-30,H2,ETHUSDT,1d,donchian,30,mid_ratchet,,n=30 · mid_ratchet; 0.25/σ90 cap1 band20% 10bps,2018-08-13T00:00:00+00:00,2025-03-31T00:00:00+00:00,False,2693,,5.92319,,,0.0644597,0.809729,18.6059,62,0.842322,,,Sharpe 1.23 MDD 21.8%; ETHUSDT_spot_1d
46,2026-09-30,H2,ETHUSDT,1d,donchian,30,mid_plain,,n=30 · mid_plain; 0.25/σ90 cap1 band20% 10bps,2018-08-13T00:00:00+00:00,2025-03-31T00:00:00+00:00,False,2693,,5.93734,,,0.0646299,0.809977,18.6239,62,0.844482,,,Sharpe 1.23 MDD 21.5%; ETHUSDT_spot_1d
47,2026-09-30,H2,ETHUSDT,1d,donchian,30,lower,,n=30 · lower; 0.25/σ90 cap1 band20% 10bps,2018-08-13T00:00:00+00:00,2025-03-31T00:00:00+00:00,False,2693,,5.9022,,,0.0568734,0.339051,13.2389,62,0.724435,,,Sharpe 1.09 MDD 25.1%; ETHUSDT_spot_1d
48,2026-09-30,H2,ETHUSDT,1d,donchian,60,mid_ratchet,,n=60 · mid_ratchet; 0.25/σ90 cap1 band20% 10bps,2018-08-13T00:00:00+00:00,2025-03-31T00:00:00+00:00,False,2693,,4.85919,,,0.0519645,0.453129,16.9752,62,0.633354,,,Sharpe 0.99 MDD 20.9%; ETHUSDT_spot_1d
49,2026-09-30,H2,ETHUSDT,1d,donchian,60,mid_plain,,n=60 · mid_plain; 0.25/σ90 cap1 band20% 10bps,2018-08-13T00:00:00+00:00,2025-03-31T00:00:00+00:00,False,2693,,5.10097,,,0.0548475,0.502662,17.1038,62,0.688629,,,Sharpe 1.05 MDD 20.5%; ETHUSDT_spot_1d
50,2026-09-30,H2,ETHUSDT,1d,donchian,60,lower,,n=60 · lower; 0.25/σ90 cap1 band20% 10bps,2018-08-13T00:00:00+00:00,2025-03-31T00:00:00+00:00,False,2693,,4.59366,,,0.0426205,-0.331894,17.9438,62,0.442487,,,Sharpe 0.81 MDD 24.5%; ETHUSDT_spot_1d
51,2026-09-30,H2,ETHUSDT,1d,donchian,90,mid_ratchet,,n=90 · mid_ratchet; 0.25/σ90 cap1 band20% 10bps,2018-08-13T00:00:00+00:00,2025-03-31T00:00:00+00:00,False,2693,,4.74821,,,0.0513262,0.440866,17.7001,62,0.620672,,,Sharpe 0.98 MDD 25.5%; ETHUSDT_spot_1d
52,2026-09-30,H2,ETHUSDT,1d,donchian,90,mid_plain,,n=90 · mid_plain; 0.25/σ90 cap1 band20% 10bps,2018-08-13T00:00:00+00:00,2025-03-31T00:00:00+00:00,False,2693,,4.74821,,,0.0513262,0.440866,17.7001,62,0.620672,,,Sharpe 0.98 MDD 25.5%; ETHUSDT_spot_1d
53,2026-09-30,H2,ETHUSDT,1d,donchian,90,lower,,n=90 · lower; 0.25/σ90 cap1 band20% 10bps,2018-08-13T00:00:00+00:00,2025-03-31T00:00:00+00:00,False,2693,,4.57352,,,0.0426214,-0.157791,19.2767,62,0.442313,,,Sharpe 0.81 MDD 28.0%; ETHUSDT_spot_1d
54,2026-09-30,H2,ETHUSDT,1d,donchian,150,mid_ratchet,,n=150 · mid_ratchet; 0.25/σ90 cap1 band20% 10bps,2018-08-13T00:00:00+00:00,2025-03-31T00:00:00+00:00,False,2633,,3.32651,,,0.0391597,0.0905363,19.1307,62,0.363928,,,Sharpe 0.75 MDD 22.0%; ETHUSDT_spot_1d
55,2026-09-30,H2,ETHUSDT,1d,donchian,150,mid_plain,,n=150 · mid_plain; 0.25/σ90 cap1 band20% 10bps,2018-08-13T00:00:00+00:00,2025-03-31T00:00:00+00:00,False,2633,,3.32527,,,0.0391451,0.0905799,19.1307,62,0.363647,,,Sharpe 0.75 MDD 22.0%; ETHUSDT_spot_1d
56,2026-09-30,H2,ETHUSDT,1d,donchian,150,lower,,n=150 · lower; 0.25/σ90 cap1 band20% 10bps,2018-08-13T00:00:00+00:00,2025-03-31T00:00:00+00:00,False,2633,,2.68591,,,0.0259311,-0.538246,20.9865,62,0.154231,,,Sharpe 0.50 MDD 32.1%; ETHUSDT_spot_1d
57,2026-09-30,H2,ETHUSDT,1d,donchian,250,mid_ratchet,,n=250 · mid_ratchet; 0.25/σ90 cap1 band20% 10bps,2018-08-13T00:00:00+00:00,2025-03-31T00:00:00+00:00,False,2533,,2.44606,,,0.028596,0.378694,20.9685,62,0.178323,,,Sharpe 0.55 MDD 32.2%; ETHUSDT_spot_1d
58,2026-09-30,H2,ETHUSDT,1d,donchian,250,mid_plain,,n=250 · mid_plain; 0.25/σ90 cap1 band20% 10bps,2018-08-13T00:00:00+00:00,2025-03-31T00:00:00+00:00,False,2533,,2.44606,,,0.028596,0.378694,20.9685,62,0.178323,,,Sharpe 0.55 MDD 32.2%; ETHUSDT_spot_1d
59,2026-09-30,H2,ETHUSDT,1d,donchian,250,lower,,n=250 · lower; 0.25/σ90 cap1 band20% 10bps,2018-08-13T00:00:00+00:00,2025-03-31T00:00:00+00:00,False,2533,,3.61672,,,0.0330851,0.512457,13.1037,62,0.242731,,,Sharpe 0.63 MDD 29.1%; ETHUSDT_spot_1d
60,2026-09-30,H2,ETHUSDT,1d,donchian,360,mid_ratchet,,n=360 · mid_ratchet; 0.25/σ90 cap1 band20% 10bps,2018-08-13T00:00:00+00:00,2025-03-31T00:00:00+00:00,False,2423,,3.32922,,,0.0422133,0.749853,27.1653,62,0.388609,,,Sharpe 0.81 MDD 26.4%; ETHUSDT_spot_1d
61,2026-09-30,H2,ETHUSDT,1d,donchian,360,mid_plain,,n=360 · mid_plain; 0.25/σ90 cap1 band20% 10bps,2018-08-13T00:00:00+00:00,2025-03-31T00:00:00+00:00,False,2423,,3.32922,,,0.0422133,0.749853,27.1653,62,0.388609,,,Sharpe 0.81 MDD 26.4%; ETHUSDT_spot_1d
62,2026-09-30,H2,ETHUSDT,1d,donchian,360,lower,,n=360 · lower; 0.25/σ90 cap1 band20% 10bps,2018-08-13T00:00:00+00:00,2025-03-31T00:00:00+00:00,False,2423,,3.48339,,,0.0352186,0.418986,14.168,62,0.265101,,,Sharpe 0.67 MDD 28.3%; ETHUSDT_spot_1d
63,2026-09-30,H2,BTCUSDT,1d,donchian,"5,10,20,30,60,90,150,250,360",mid_ratchet,,ансамбль · mid_ratchet; v1: 0.25/σ90 cap2 band20%(σ) 10bps,2018-08-12T00:00:00+00:00,2025-03-31T00:00:00+00:00,False,2424,,5.40067,,,0.0677367,1.35077,16.1422,92,0.806715,,,Sharpe 1.29 MDD 19.7%; BTCUSDT_spot_1d
64,2026-09-30,H2,BTCUSDT,1d,donchian,"5,10,20,30,60,90,150,250,360",mid_plain,,ансамбль · mid_plain; v1: 0.25/σ90 cap2 band20%(σ) 10bps,2018-08-12T00:00:00+00:00,2025-03-31T00:00:00+00:00,False,2424,,5.32803,,,0.0675817,1.39742,16.5358,92,0.804863,,,Sharpe 1.29 MDD 19.4%; BTCUSDT_spot_1d
65,2026-09-30,H2,BTCUSDT,1d,donchian,"5,10,20,30,60,90,150,250,360",lower,,ансамбль · lower; v1: 0.25/σ90 cap2 band20%(σ) 10bps,2018-08-12T00:00:00+00:00,2025-03-31T00:00:00+00:00,False,2424,,6.15564,,,0.065198,0.691537,13.0808,92,0.764201,,,Sharpe 1.25 MDD 21.5%; BTCUSDT_spot_1d
66,2026-09-30,H2,BTCUSDT,1d,donchian,5,mid_ratchet,,n=5 · mid_ratchet; v1: 0.25/σ90 cap2 band20%(σ) 10bps,2018-08-12T00:00:00+00:00,2025-03-31T00:00:00+00:00,False,2693,,5.25167,,,0.0565787,1.61972,17.4034,92,0.674568,,,Sharpe 1.08 MDD 28.4%; BTCUSDT_spot_1d
67,2026-09-30,H2,BTCUSDT,1d,donchian,5,mid_plain,,n=5 · mid_plain; v1: 0.25/σ90 cap2 band20%(σ) 10bps,2018-08-12T00:00:00+00:00,2025-03-31T00:00:00+00:00,False,2693,,4.94609,,,0.0545298,1.71199,18.6432,92,0.633876,,,Sharpe 1.04 MDD 27.1%; BTCUSDT_spot_1d
68,2026-09-30,H2,BTCUSDT,1d,donchian,5,lower,,n=5 · lower; v1: 0.25/σ90 cap2 band20%(σ) 10bps,2018-08-12T00:00:00+00:00,2025-03-31T00:00:00+00:00,False,2693,,5.09882,,,0.0515513,1.23678,14.7795,92,0.570847,,,Sharpe 0.98 MDD 31.8%; BTCUSDT_spot_1d
69,2026-09-30,H2,BTCUSDT,1d,donchian,10,mid_ratchet,,n=10 · mid_ratchet; v1: 0.25/σ90 cap2 band20%(σ) 10bps,2018-08-12T00:00:00+00:00,2025-03-31T00:00:00+00:00,False,2693,,4.87217,,,0.0550859,1.73858,19.8098,92,0.645232,,,Sharpe 1.05 MDD 28.7%; BTCUSDT_spot_1d
70,2026-09-30,H2,BTCUSDT,1d,donchian,10,mid_plain,,n=10 · mid_plain; v1: 0.25/σ90 cap2 band20%(σ) 10bps,2018-08-12T00:00:00+00:00,2025-03-31T00:00:00+00:00,False,2693,,4.88603,,,0.0558185,1.80851,20.4897,92,0.660234,,,Sharpe 1.07 MDD 29.7%; BTCUSDT_spot_1d
71,2026-09-30,H2,BTCUSDT,1d,donchian,10,lower,,n=10 · lower; v1: 0.25/σ90 cap2 band20%(σ) 10bps,2018-08-12T00:00:00+00:00,2025-03-31T00:00:00+00:00,False,2693,,5.03941,,,0.0504419,1.09182,15.1353,92,0.547282,,,Sharpe 0.96 MDD 25.9%; BTCUSDT_spot_1d
72,2026-09-30,H2,BTCUSDT,1d,donchian,20,mid_ratchet,,n=20 · mid_ratchet; v1: 0.25/σ90 cap2 band20%(σ) 10bps,2018-08-12T00:00:00+00:00,2025-03-31T00:00:00+00:00,False,2693,,5.77943,,,0.0643729,1.4926,19.1805,92,0.808733,,,Sharpe 1.23 MDD 26.2%; BTCUSDT_spot_1d
73,2026-09-30,H2,BTCUSDT,1d,donchian,20,mid_plain,,n=20 · mid_plain; v1: 0.25/σ90 cap2 band20%(σ) 10bps,2018-08-12T00:00:00+00:00,2025-03-31T00:00:00+00:00,False,2693,,5.70627,,,0.0644225,1.5407,19.8999,92,0.809772,,,Sharpe 1.23 MDD 26.2%; BTCUSDT_spot_1d
74,2026-09-30,H2,BTCUSDT,1d,donchian,20,lower,,n=20 · lower; v1: 0.25/σ90 cap2 band20%(σ) 10bps,2018-08-12T00:00:00+00:00,2025-03-31T00:00:00+00:00,False,2693,,6.89465,,,0.0683374,1.07848,13.1799,92,0.859271,,,Sharpe 1.31 MDD 24.3%; BTCUSDT_spot_1d
75,2026-09-30,H2,BTCUSDT,1d,donchian,30,mid_ratchet,,n=30 · mid_ratchet; v1: 0.25/σ90 cap2 band20%(σ) 10bps,2018-08-12T00:00:00+00:00,2025-03-31T00:00:00+00:00,False,2693,,6.63853,,,0.0730326,1.62087,19.1923,92,0.912035,,,Sharpe 1.40 MDD 25.4%; BTCUSDT_spot_1d
76,2026-09-30,H2,BTCUSDT,1d,donchian,30,mid_plain,,n=30 · mid_plain; v1: 0.25/σ90 cap2 band20%(σ) 10bps,2018-08-12T00:00:00+00:00,2025-03-31T00:00:00+00:00,False,2693,,6.29787,,,0.0694611,1.59379,19.4229,92,0.875978,,,Sharpe 1.33 MDD 25.4%; BTCUSDT_spot_1d
77,2026-09-30,H2,BTCUSDT,1d,donchian,30,lower,,n=30 · lower; v1: 0.25/σ90 cap2 band20%(σ) 10bps,2018-08-12T00:00:00+00:00,2025-03-31T00:00:00+00:00,False,2693,,6.83819,,,0.0651847,0.911852,12.3893,92,0.816623,,,Sharpe 1.25 MDD 31.8%; BTCUSDT_spot_1d
78,2026-09-30,H2,BTCUSDT,1d,donchian,60,mid_ratchet,,n=60 · mid_ratchet; v1: 0.25/σ90 cap2 band20%(σ) 10bps,2018-08-12T00:00:00+00:00,2025-03-31T00:00:00+00:00,False,2693,,6.51975,,,0.0688971,1.32791,18.1713,92,0.867339,,,Sharpe 1.32 MDD 16.3%; BTCUSDT_spot_1d
79,2026-09-30,H2,BTCUSDT,1d,donchian,60,mid_plain,,n=60 · mid_plain; v1: 0.25/σ90 cap2 band20%(σ) 10bps,2018-08-12T00:00:00+00:00,2025-03-31T00:00:00+00:00,False,2693,,6.57999,,,0.0695835,1.33138,18.2153,92,0.875192,,,Sharpe 1.33 MDD 16.1%; BTCUSDT_spot_1d
80,2026-09-30,H2,BTCUSDT,1d,donchian,60,lower,,n=60 · lower; v1: 0.25/σ90 cap2 band20%(σ) 10bps,2018-08-12T00:00:00+00:00,2025-03-31T00:00:00+00:00,False,2693,,7.57427,,,0.0704096,0.794048,12.2247,92,0.880406,,,Sharpe 1.35 MDD 25.4%; BTCUSDT_spot_1d
81,2026-09-30,H2,BTCUSDT,1d,donchian,90,mid_ratchet,,n=90 · mid_ratchet; v1: 0.25/σ90 cap2 band20%(σ) 10bps,2018-08-12T00:00:00+00:00,2025-03-31T00:00:00+00:00,False,2693,,5.90224,,,0.0613507,1.08363,17.0641,92,0.758113,,,Sharpe 1.17 MDD 23.0%; BTCUSDT_spot_1d
82,2026-09-30,H2,BTCUSDT,1d,donchian,90,mid_plain,,n=90 · mid_plain; v1: 0.25/σ90 cap2 band20%(σ) 10bps,2018-08-12T00:00:00+00:00,2025-03-31T00:00:00+00:00,False,2693,,5.88226,,,0.0611661,1.0855,17.0901,92,0.75503,,,Sharpe 1.17 MDD 23.0%; BTCUSDT_spot_1d
83,2026-09-30,H2,BTCUSDT,1d,donchian,90,lower,,n=90 · lower; v1: 0.25/σ90 cap2 band20%(σ) 10bps,2018-08-12T00:00:00+00:00,2025-03-31T00:00:00+00:00,False,2693,,6.35742,,,0.0568321,-0.830511,37.134,92,0.666914,,,Sharpe 1.09 MDD 35.5%; BTCUSDT_spot_1d
84,2026-09-30,H2,BTCUSDT,1d,donchian,150,mid_ratchet,,n=150 · mid_ratchet; v1: 0.25/σ90 cap2 band20%(σ) 10bps,2018-08-12T00:00:00+00:00,2025-03-31T00:00:00+00:00,False,2634,,4.27227,,,0.0451739,0.575345,13.9119,92,0.426641,,,Sharpe 0.86 MDD 28.9%; BTCUSDT_spot_1d
85,2026-09-30,H2,BTCUSDT,1d,donchian,150,mid_plain,,n=150 · mid_plain; v1: 0.25/σ90 cap2 band20%(σ) 10bps,2018-08-12T00:00:00+00:00,2025-03-31T00:00:00+00:00,False,2634,,4.27227,,,0.0451739,0.575345,13.9119,92,0.426641,,,Sharpe 0.86 MDD 28.9%; BTCUSDT_spot_1d
86,2026-09-30,H2,BTCUSDT,1d,donchian,150,lower,,n=150 · lower; v1: 0.25/σ90 cap2 band20%(σ) 10bps,2018-08-12T00:00:00+00:00,2025-03-31T00:00:00+00:00,False,2634,,4.56281,,,0.0409557,-1.05609,37.1568,92,0.348864,,,Sharpe 0.78 MDD 41.6%; BTCUSDT_spot_1d
87,2026-09-30,H2,BTCUSDT,1d,donchian,250,mid_ratchet,,n=250 · mid_ratchet; v1: 0.25/σ90 cap2 band20%(σ) 10bps,2018-08-12T00:00:00+00:00,2025-03-31T00:00:00+00:00,False,2534,,4.87905,,,0.0495617,0.64014,13.2919,92,0.497278,,,Sharpe 0.95 MDD 32.3%; BTCUSDT_spot_1d
88,2026-09-30,H2,BTCUSDT,1d,donchian,250,mid_plain,,n=250 · mid_plain; v1: 0.25/σ90 cap2 band20%(σ) 10bps,2018-08-12T00:00:00+00:00,2025-03-31T00:00:00+00:00,False,2534,,4.87905,,,0.0495617,0.64014,13.2919,92,0.497278,,,Sharpe 0.95 MDD 32.3%; BTCUSDT_spot_1d
89,2026-09-30,H2,BTCUSDT,1d,donchian,250,lower,,n=250 · lower; v1: 0.25/σ90 cap2 band20%(σ) 10bps,2018-08-12T00:00:00+00:00,2025-03-31T00:00:00+00:00,False,2534,,5.85957,,,0.0484083,-0.439448,21.6401,92,0.474591,,,Sharpe 0.92 MDD 29.7%; BTCUSDT_spot_1d
90,2026-09-30,H2,BTCUSDT,1d,donchian,360,mid_ratchet,,n=360 · mid_ratchet; v1: 0.25/σ90 cap2 band20%(σ) 10bps,2018-08-12T00:00:00+00:00,2025-03-31T00:00:00+00:00,False,2424,,5.19099,,,0.051855,0.54698,12.8748,92,0.520701,,,Sharpe 0.99 MDD 34.7%; BTCUSDT_spot_1d
91,2026-09-30,H2,BTCUSDT,1d,donchian,360,mid_plain,,n=360 · mid_plain; v1: 0.25/σ90 cap2 band20%(σ) 10bps,2018-08-12T00:00:00+00:00,2025-03-31T00:00:00+00:00,False,2424,,5.19099,,,0.051855,0.54698,12.8748,92,0.520701,,,Sharpe 0.99 MDD 34.7%; BTCUSDT_spot_1d
92,2026-09-30,H2,BTCUSDT,1d,donchian,360,lower,,n=360 · lower; v1: 0.25/σ90 cap2 band20%(σ) 10bps,2018-08-12T00:00:00+00:00,2025-03-31T00:00:00+00:00,False,2424,,6.10877,,,0.0496011,-0.889197,26.0461,92,0.476927,,,Sharpe 0.95 MDD 34.1%; BTCUSDT_spot_1d
93,2026-09-30,H2,ETHUSDT,1d,donchian,"5,10,20,30,60,90,150,250,360",mid_ratchet,,ансамбль · mid_ratchet; v1: 0.25/σ90 cap2 band20%(σ) 10bps,2018-08-12T00:00:00+00:00,2025-03-31T00:00:00+00:00,False,2424,,4.12743,,,0.0566989,1.06298,20.8795,122,0.577512,,,Sharpe 1.08 MDD 14.5%; ETHUSDT_spot_1d
94,2026-09-30,H2,ETHUSDT,1d,donchian,"5,10,20,30,60,90,150,250,360",mid_plain,,ансамбль · mid_plain; v1: 0.25/σ90 cap2 band20%(σ) 10bps,2018-08-12T00:00:00+00:00,2025-03-31T00:00:00+00:00,False,2424,,4.04906,,,0.056229,0.999104,21.0197,122,0.568092,,,Sharpe 1.07 MDD 14.6%; ETHUSDT_spot_1d
95,2026-09-30,H2,ETHUSDT,1d,donchian,"5,10,20,30,60,90,150,250,360",lower,,ансамбль · lower; v1: 0.25/σ90 cap2 band20%(σ) 10bps,2018-08-12T00:00:00+00:00,2025-03-31T00:00:00+00:00,False,2424,,4.23701,,,0.0484525,0.611459,13.3566,122,0.414022,,,Sharpe 0.93 MDD 20.9%; ETHUSDT_spot_1d
96,2026-09-30,H2,ETHUSDT,1d,donchian,5,mid_ratchet,,n=5 · mid_ratchet; v1: 0.25/σ90 cap2 band20%(σ) 10bps,2018-08-12T00:00:00+00:00,2025-03-31T00:00:00+00:00,False,2693,,2.8206,,,0.0305637,1.30571,17.3599,122,0.150845,,,Sharpe 0.58 MDD 26.4%; ETHUSDT_spot_1d
97,2026-09-30,H2,ETHUSDT,1d,donchian,5,mid_plain,,n=5 · mid_plain; v1: 0.25/σ90 cap2 band20%(σ) 10bps,2018-08-12T00:00:00+00:00,2025-03-31T00:00:00+00:00,False,2693,,2.95832,,,0.0327925,1.32241,18.2328,122,0.179758,,,Sharpe 0.63 MDD 28.4%; ETHUSDT_spot_1d
98,2026-09-30,H2,ETHUSDT,1d,donchian,5,lower,,n=5 · lower; v1: 0.25/σ90 cap2 band20%(σ) 10bps,2018-08-12T00:00:00+00:00,2025-03-31T00:00:00+00:00,False,2693,,2.62616,,,0.0264816,0.906781,14.6406,122,0.107621,,,Sharpe 0.51 MDD 31.2%; ETHUSDT_spot_1d
99,2026-09-30,H2,ETHUSDT,1d,donchian,10,mid_ratchet,,n=10 · mid_ratchet; v1: 0.25/σ90 cap2 band20%(σ) 10bps,2018-08-12T00:00:00+00:00,2025-03-31T00:00:00+00:00,False,2693,,4.85963,,,0.0537256,1.12468,19.0273,122,0.576267,,,Sharpe 1.03 MDD 20.6%; ETHUSDT_spot_1d
100,2026-09-30,H2,ETHUSDT,1d,donchian,10,mid_plain,,n=10 · mid_plain; v1: 0.25/σ90 cap2 band20%(σ) 10bps,2018-08-12T00:00:00+00:00,2025-03-31T00:00:00+00:00,False,2693,,4.63186,,,0.0523209,1.29944,19.9709,122,0.547025,,,Sharpe 1.00 MDD 18.3%; ETHUSDT_spot_1d
101,2026-09-30,H2,ETHUSDT,1d,donchian,10,lower,,n=10 · lower; v1: 0.25/σ90 cap2 band20%(σ) 10bps,2018-08-12T00:00:00+00:00,2025-03-31T00:00:00+00:00,False,2693,,5.45291,,,0.0540116,0.889577,14.8385,122,0.581811,,,Sharpe 1.03 MDD 25.0%; ETHUSDT_spot_1d
102,2026-09-30,H2,ETHUSDT,1d,donchian,20,mid_ratchet,,n=20 · mid_ratchet; v1: 0.25/σ90 cap2 band20%(σ) 10bps,2018-08-12T00:00:00+00:00,2025-03-31T00:00:00+00:00,False,2693,,5.63284,,,0.0615691,1.11166,18.598,122,0.729303,,,Sharpe 1.18 MDD 21.1%; ETHUSDT_spot_1d
103,2026-09-30,H2,ETHUSDT,1d,donchian,20,mid_plain,,n=20 · mid_plain; v1: 0.25/σ90 cap2 band20%(σ) 10bps,2018-08-12T00:00:00+00:00,2025-03-31T00:00:00+00:00,False,2693,,5.55757,,,0.0616998,1.15348,19.273,122,0.73182,,,Sharpe 1.18 MDD 21.3%; ETHUSDT_spot_1d
104,2026-09-30,H2,ETHUSDT,1d,donchian,20,lower,,n=20 · lower; v1: 0.25/σ90 cap2 band20%(σ) 10bps,2018-08-12T00:00:00+00:00,2025-03-31T00:00:00+00:00,False,2693,,5.65628,,,0.0560347,0.567238,14.2541,122,0.622056,,,Sharpe 1.07 MDD 27.3%; ETHUSDT_spot_1d
105,2026-09-30,H2,ETHUSDT,1d,donchian,30,mid_ratchet,,n=30 · mid_ratchet; v1: 0.25/σ90 cap2 band20%(σ) 10bps,2018-08-12T00:00:00+00:00,2025-03-31T00:00:00+00:00,False,2693,,6.05043,,,0.065979,0.834722,18.6429,122,0.799175,,,Sharpe 1.26 MDD 21.3%; ETHUSDT_spot_1d
106,2026-09-30,H2,ETHUSDT,1d,donchian,30,mid_plain,,n=30 · mid_plain; v1: 0.25/σ90 cap2 band20%(σ) 10bps,2018-08-12T00:00:00+00:00,2025-03-31T00:00:00+00:00,False,2693,,5.76096,,,0.0632919,0.830148,19.0241,122,0.756845,,,Sharpe 1.21 MDD 21.8%; ETHUSDT_spot_1d
107,2026-09-30,H2,ETHUSDT,1d,donchian,30,lower,,n=30 · lower; v1: 0.25/σ90 cap2 band20%(σ) 10bps,2018-08-12T00:00:00+00:00,2025-03-31T00:00:00+00:00,False,2693,,6.07806,,,0.0588739,0.358892,13.3631,122,0.67625,,,Sharpe 1.12 MDD 24.7%; ETHUSDT_spot_1d
108,2026-09-30,H2,ETHUSDT,1d,donchian,60,mid_ratchet,,n=60 · mid_ratchet; v1: 0.25/σ90 cap2 band20%(σ) 10bps,2018-08-12T00:00:00+00:00,2025-03-31T00:00:00+00:00,False,2693,,5.24224,,,0.0567291,0.658677,16.5673,122,0.636049,,,Sharpe 1.08 MDD 20.1%; ETHUSDT_spot_1d
109,2026-09-30,H2,ETHUSDT,1d,donchian,60,mid_plain,,n=60 · mid_plain; v1: 0.25/σ90 cap2 band20%(σ) 10bps,2018-08-12T00:00:00+00:00,2025-03-31T00:00:00+00:00,False,2693,,5.33112,,,0.0577208,0.657971,16.5978,122,0.655442,,,Sharpe 1.10 MDD 20.1%; ETHUSDT_spot_1d
110,2026-09-30,H2,ETHUSDT,1d,donchian,60,lower,,n=60 · lower; v1: 0.25/σ90 cap2 band20%(σ) 10bps,2018-08-12T00:00:00+00:00,2025-03-31T00:00:00+00:00,False,2693,,4.90304,,,0.045339,-0.315119,20.3005,122,0.403437,,,Sharpe 0.87 MDD 24.2%; ETHUSDT_spot_1d
111,2026-09-30,H2,ETHUSDT,1d,donchian,90,mid_ratchet,,n=90 · mid_ratchet; v1: 0.25/σ90 cap2 band20%(σ) 10bps,2018-08-12T00:00:00+00:00,2025-03-31T00:00:00+00:00,False,2693,,4.81068,,,0.0524269,0.576031,17.0405,122,0.548361,,,Sharpe 1.00 MDD 25.0%; ETHUSDT_spot_1d
112,2026-09-30,H2,ETHUSDT,1d,donchian,90,mid_plain,,n=90 · mid_plain; v1: 0.25/σ90 cap2 band20%(σ) 10bps,2018-08-12T00:00:00+00:00,2025-03-31T00:00:00+00:00,False,2693,,4.89445,,,0.0534024,0.58122,17.1037,122,0.568541,,,Sharpe 1.02 MDD 25.0%; ETHUSDT_spot_1d
113,2026-09-30,H2,ETHUSDT,1d,donchian,90,lower,,n=90 · lower; v1: 0.25/σ90 cap2 band20%(σ) 10bps,2018-08-12T00:00:00+00:00,2025-03-31T00:00:00+00:00,False,2693,,4.81252,,,0.0448664,-0.0353448,19.4865,122,0.393406,,,Sharpe 0.86 MDD 28.2%; ETHUSDT_spot_1d
114,2026-09-30,H2,ETHUSDT,1d,donchian,150,mid_ratchet,,n=150 · mid_ratchet; v1: 0.25/σ90 cap2 band20%(σ) 10bps,2018-08-12T00:00:00+00:00,2025-03-31T00:00:00+00:00,False,2634,,2.87984,,,0.0334496,0.131425,17.1661,122,0.188525,,,Sharpe 0.64 MDD 21.2%; ETHUSDT_spot_1d
115,2026-09-30,H2,ETHUSDT,1d,donchian,150,mid_plain,,n=150 · mid_plain; v1: 0.25/σ90 cap2 band20%(σ) 10bps,2018-08-12T00:00:00+00:00,2025-03-31T00:00:00+00:00,False,2634,,2.87984,,,0.0334496,0.131425,17.1661,122,0.188525,,,Sharpe 0.64 MDD 21.2%; ETHUSDT_spot_1d
116,2026-09-30,H2,ETHUSDT,1d,donchian,150,lower,,n=150 · lower; v1: 0.25/σ90 cap2 band20%(σ) 10bps,2018-08-12T00:00:00+00:00,2025-03-31T00:00:00+00:00,False,2634,,1.78575,,,0.0165558,-0.521456,17.8821,122,0.040775,,,Sharpe 0.32 MDD 33.8%; ETHUSDT_spot_1d
117,2026-09-30,H2,ETHUSDT,1d,donchian,250,mid_ratchet,,n=250 · mid_ratchet; v1: 0.25/σ90 cap2 band20%(σ) 10bps,2018-08-12T00:00:00+00:00,2025-03-31T00:00:00+00:00,False,2534,,2.4107,,,0.0284928,0.364726,20.8248,122,0.1211,,,Sharpe 0.54 MDD 32.4%; ETHUSDT_spot_1d
118,2026-09-30,H2,ETHUSDT,1d,donchian,250,mid_plain,,n=250 · mid_plain; v1: 0.25/σ90 cap2 band20%(σ) 10bps,2018-08-12T00:00:00+00:00,2025-03-31T00:00:00+00:00,False,2534,,2.4107,,,0.0284928,0.364726,20.8248,122,0.1211,,,Sharpe 0.54 MDD 32.4%; ETHUSDT_spot_1d
119,2026-09-30,H2,ETHUSDT,1d,donchian,250,lower,,n=250 · lower; v1: 0.25/σ90 cap2 band20%(σ) 10bps,2018-08-12T00:00:00+00:00,2025-03-31T00:00:00+00:00,False,2534,,3.55455,,,0.0328564,0.491626,12.8504,122,0.170459,,,Sharpe 0.63 MDD 29.6%; ETHUSDT_spot_1d
120,2026-09-30,H2,ETHUSDT,1d,donchian,360,mid_ratchet,,n=360 · mid_ratchet; v1: 0.25/σ90 cap2 band20%(σ) 10bps,2018-08-12T00:00:00+00:00,2025-03-31T00:00:00+00:00,False,2424,,3.30042,,,0.0423271,0.740843,26.9764,122,0.301027,,,Sharpe 0.81 MDD 26.3%; ETHUSDT_spot_1d
121,2026-09-30,H2,ETHUSDT,1d,donchian,360,mid_plain,,n=360 · mid_plain; v1: 0.25/σ90 cap2 band20%(σ) 10bps,2018-08-12T00:00:00+00:00,2025-03-31T00:00:00+00:00,False,2424,,3.30042,,,0.0423271,0.740843,26.9764,122,0.301027,,,Sharpe 0.81 MDD 26.3%; ETHUSDT_spot_1d
122,2026-09-30,H2,ETHUSDT,1d,donchian,360,lower,,n=360 · lower; v1: 0.25/σ90 cap2 band20%(σ) 10bps,2018-08-12T00:00:00+00:00,2025-03-31T00:00:00+00:00,False,2424,,3.48297,,,0.0356031,0.426204,14.1347,122,0.197116,,,Sharpe 0.68 MDD 28.1%; ETHUSDT_spot_1d
123,2026-09-30,H3,BTCUSDT,4h,primary,F1_donchian;F2_log_p_ma20;F2_log_p_ma50;F2_log_p_ma100;F3_tsmom_1w;F3_tsmom_4w;F4_vol_ratio_5_60;F4_vol_20d;F5_taker_imb_4h_z;F5_taker_imb_24h_z;F6_doi_24h;F6_doi_7d;F7_funding_30d;F7_funding_sign_run;F8_dvol;F8_dvol_chg_5d;F8_vrp;F10_dxy_chg_5d;X_hmm_p_0;X_hmm_p_1;X_hmm_p_2;F12_hour_sin;F12_hour_cos;F12_weekday;F12_h_to_funding,tp2σ/sl1.5σ,24,primary без фильтра,2022-06-13T04:00:00+00:00,2025-03-30T04:00:00+00:00,False,776,0.507732,-7.65303,-24.3499,8.31977,-0.0312068,0.12715,4.07971,129,0.00025118,0.825397,,
124,2026-09-30,H3,BTCUSDT,4h,logit,F1_donchian;F2_log_p_ma20;F2_log_p_ma50;F2_log_p_ma100;F3_tsmom_1w;F3_tsmom_4w;F4_vol_ratio_5_60;F4_vol_20d;F5_taker_imb_4h_z;F5_taker_imb_24h_z;F6_doi_24h;F6_doi_7d;F7_funding_30d;F7_funding_sign_run;F8_dvol;F8_dvol_chg_5d;F8_vrp;F10_dxy_chg_5d;X_hmm_p_0;X_hmm_p_1;X_hmm_p_2;F12_hour_sin;F12_hour_cos;F12_weekday;F12_h_to_funding,tp2σ/sl1.5σ,24,primary + M2[logit] EV>0,2022-06-13T04:00:00+00:00,2025-03-30T04:00:00+00:00,False,745,0.510067,-6.24189,-22.9956,13.4314,-0.025539,0.157869,4.08348,129,0.000469738,0.825397,,
125,2026-09-30,H3,BTCUSDT,4h,logit,F1_donchian;F2_log_p_ma20;F2_log_p_ma50;F2_log_p_ma100;F3_tsmom_1w;F3_tsmom_4w;F4_vol_ratio_5_60;F4_vol_20d;F5_taker_imb_4h_z;F5_taker_imb_24h_z;F6_doi_24h;F6_doi_7d;F7_funding_30d;F7_funding_sign_run;F8_dvol;F8_dvol_chg_5d;F8_vrp;F10_dxy_chg_5d;X_hmm_p_0;X_hmm_p_1;X_hmm_p_2;F12_hour_sin;F12_hour_cos;F12_weekday;F12_h_to_funding,tp2σ/sl1.5σ,24,primary + M2[logit] p>0.55,2022-06-13T04:00:00+00:00,2025-03-30T04:00:00+00:00,False,61,0.52459,-8.79335,-85.7617,56.5094,-0.0297747,0.0466212,3.14786,129,0.00220727,0.825397,,
126,2026-09-30,H3,BTCUSDT,4h,logit,F1_donchian;F2_log_p_ma20;F2_log_p_ma50;F2_log_p_ma100;F3_tsmom_1w;F3_tsmom_4w;F4_vol_ratio_5_60;F4_vol_20d;F5_taker_imb_4h_z;F5_taker_imb_24h_z;F6_doi_24h;F6_doi_7d;F7_funding_30d;F7_funding_sign_run;F8_dvol;F8_dvol_chg_5d;F8_vrp;F10_dxy_chg_5d;X_hmm_p_0;X_hmm_p_1;X_hmm_p_2;F12_hour_sin;F12_hour_cos;F12_weekday;F12_h_to_funding,tp2σ/sl1.5σ,24,primary + M2[logit] p>0.60,2022-06-13T04:00:00+00:00,2025-03-30T04:00:00+00:00,False,36,0.5,-29.5255,-114.863,58.9561,-0.0956998,0.210783,3.60339,129,0.000832481,0.825397,,
127,2026-09-30,H3,BTCUSDT,4h,lgbm,F1_donchian;F2_log_p_ma20;F2_log_p_ma50;F2_log_p_ma100;F3_tsmom_1w;F3_tsmom_4w;F4_vol_ratio_5_60;F4_vol_20d;F5_taker_imb_4h_z;F5_taker_imb_24h_z;F6_doi_24h;F6_doi_7d;F7_funding_30d;F7_funding_sign_run;F8_dvol;F8_dvol_chg_5d;F8_vrp;F10_dxy_chg_5d;X_hmm_p_0;X_hmm_p_1;X_hmm_p_2;F12_hour_sin;F12_hour_cos;F12_weekday;F12_h_to_funding,tp2σ/sl1.5σ,24,primary + M2[lgbm] EV>0,2022-06-13T04:00:00+00:00,2025-03-30T04:00:00+00:00,False,733,0.507503,-9.16341,-25.6261,6.3566,-0.0381875,0.0393936,3.73168,129,0.000132374,0.825397,,
128,2026-09-30,H3,BTCUSDT,4h,lgbm,F1_donchian;F2_log_p_ma20;F2_log_p_ma50;F2_log_p_ma100;F3_tsmom_1w;F3_tsmom_4w;F4_vol_ratio_5_60;F4_vol_20d;F5_taker_imb_4h_z;F5_taker_imb_24h_z;F6_doi_24h;F6_doi_7d;F7_funding_30d;F7_funding_sign_run;F8_dvol;F8_dvol_chg_5d;F8_vrp;F10_dxy_chg_5d;X_hmm_p_0;X_hmm_p_1;X_hmm_p_2;F12_hour_sin;F12_hour_cos;F12_weekday;F12_h_to_funding,tp2σ/sl1.5σ,24,primary + M2[lgbm] p>0.55,2022-06-13T04:00:00+00:00,2025-03-30T04:00:00+00:00,False,33,0.363636,-67.5217,-143.806,20.0777,-0.290601,-0.458778,4.67957,129,5.75702e-06,0.825397,,
129,2026-09-30,H3,BTCUSDT,4h,lgbm,F1_donchian;F2_log_p_ma20;F2_log_p_ma50;F2_log_p_ma100;F3_tsmom_1w;F3_tsmom_4w;F4_vol_ratio_5_60;F4_vol_20d;F5_taker_imb_4h_z;F5_taker_imb_24h_z;F6_doi_24h;F6_doi_7d;F7_funding_30d;F7_funding_sign_run;F8_dvol;F8_dvol_chg_5d;F8_vrp;F10_dxy_chg_5d;X_hmm_p_0;X_hmm_p_1;X_hmm_p_2;F12_hour_sin;F12_hour_cos;F12_weekday;F12_h_to_funding,tp2σ/sl1.5σ,24,primary + M2[lgbm] p>0.60,2022-06-13T04:00:00+00:00,2025-03-30T04:00:00+00:00,False,7,,,,,,,,129,,0.825397,,
130,2026-09-30,H3,BTCUSDT,4h,primary,F1_donchian;F2_log_p_ma20;F2_log_p_ma50;F2_log_p_ma100;F3_tsmom_1w;F3_tsmom_4w;F4_vol_ratio_5_60;F4_vol_20d;F5_taker_imb_4h_z;F5_taker_imb_24h_z;F6_doi_24h;F6_doi_7d;F7_funding_30d;F7_funding_sign_run;F8_dvol;F8_dvol_chg_5d;F8_vrp;F10_dxy_chg_5d;X_hmm_p_0;X_hmm_p_1;X_hmm_p_2;F12_hour_sin;F12_hour_cos;F12_weekday;F12_h_to_funding,tp2σ/sl1.5σ,48,primary без фильтра,2022-06-14T04:00:00+00:00,2025-03-24T04:00:00+00:00,False,383,0.498695,-12.3881,-45.4899,17.7702,-0.0370932,0.154681,3.39052,136,0.000402656,0.547619,,
131,2026-09-30,H3,BTCUSDT,4h,logit,F1_donchian;F2_log_p_ma20;F2_log_p_ma50;F2_log_p_ma100;F3_tsmom_1w;F3_tsmom_4w;F4_vol_ratio_5_60;F4_vol_20d;F5_taker_imb_4h_z;F5_taker_imb_24h_z;F6_doi_24h;F6_doi_7d;F7_funding_30d;F7_funding_sign_run;F8_dvol;F8_dvol_chg_5d;F8_vrp;F10_dxy_chg_5d;X_hmm_p_0;X_hmm_p_1;X_hmm_p_2;F12_hour_sin;F12_hour_cos;F12_weekday;F12_h_to_funding,tp2σ/sl1.5σ,48,primary + M2[logit] EV>0,2022-06-14T04:00:00+00:00,2025-03-24T04:00:00+00:00,False,331,0.510574,-11.2964,-46.8345,20.7153,-0.0329224,0.141831,3.35525,136,0.000626639,0.547619,,
132,2026-09-30,H3,BTCUSDT,4h,logit,F1_donchian;F2_log_p_ma20;F2_log_p_ma50;F2_log_p_ma100;F3_tsmom_1w;F3_tsmom_4w;F4_vol_ratio_5_60;F4_vol_20d;F5_taker_imb_4h_z;F5_taker_imb_24h_z;F6_doi_24h;F6_doi_7d;F7_funding_30d;F7_funding_sign_run;F8_dvol;F8_dvol_chg_5d;F8_vrp;F10_dxy_chg_5d;X_hmm_p_0;X_hmm_p_1;X_hmm_p_2;F12_hour_sin;F12_hour_cos;F12_weekday;F12_h_to_funding,tp2σ/sl1.5σ,48,primary + M2[logit] p>0.55,2022-06-14T04:00:00+00:00,2025-03-24T04:00:00+00:00,False,72,0.527778,-9.35457,-96.7018,69.6491,-0.0286909,-0.0787395,2.55621,136,0.00197892,0.547619,,
133,2026-09-30,H3,BTCUSDT,4h,logit,F1_donchian;F2_log_p_ma20;F2_log_p_ma50;F2_log_p_ma100;F3_tsmom_1w;F3_tsmom_4w;F4_vol_ratio_5_60;F4_vol_20d;F5_taker_imb_4h_z;F5_taker_imb_24h_z;F6_doi_24h;F6_doi_7d;F7_funding_30d;F7_funding_sign_run;F8_dvol;F8_dvol_chg_5d;F8_vrp;F10_dxy_chg_5d;X_hmm_p_0;X_hmm_p_1;X_hmm_p_2;F12_hour_sin;F12_hour_cos;F12_weekday;F12_h_to_funding,tp2σ/sl1.5σ,48,primary + M2[logit] p>0.60,2022-06-14T04:00:00+00:00,2025-03-24T04:00:00+00:00,False,34,0.588235,39.4173,-56.9059,128.08,0.114789,-0.226413,2.64326,136,0.0257552,0.547619,,
134,2026-09-30,H3,BTCUSDT,4h,lgbm,F1_donchian;F2_log_p_ma20;F2_log_p_ma50;F2_log_p_ma100;F3_tsmom_1w;F3_tsmom_4w;F4_vol_ratio_5_60;F4_vol_20d;F5_taker_imb_4h_z;F5_taker_imb_24h_z;F6_doi_24h;F6_doi_7d;F7_funding_30d;F7_funding_sign_run;F8_dvol;F8_dvol_chg_5d;F8_vrp;F10_dxy_chg_5d;X_hmm_p_0;X_hmm_p_1;X_hmm_p_2;F12_hour_sin;F12_hour_cos;F12_weekday;F12_h_to_funding,tp2σ/sl1.5σ,48,primary + M2[lgbm] EV>0,2022-06-14T04:00:00+00:00,2025-03-24T04:00:00+00:00,False,309,0.501618,-10.8861,-47.0132,24.8887,-0.0316837,0.177628,3.41021,136,0.000728543,0.547619,,
135,2026-09-30,H3,BTCUSDT,4h,lgbm,F1_donchian;F2_log_p_ma20;F2_log_p_ma50;F2_log_p_ma100;F3_tsmom_1w;F3_tsmom_4w;F4_vol_ratio_5_60;F4_vol_20d;F5_taker_imb_4h_z;F5_taker_imb_24h_z;F6_doi_24h;F6_doi_7d;F7_funding_30d;F7_funding_sign_run;F8_dvol;F8_dvol_chg_5d;F8_vrp;F10_dxy_chg_5d;X_hmm_p_0;X_hmm_p_1;X_hmm_p_2;F12_hour_sin;F12_hour_cos;F12_weekday;F12_h_to_funding,tp2σ/sl1.5σ,48,primary + M2[lgbm] p>0.55,2022-06-14T04:00:00+00:00,2025-03-24T04:00:00+00:00,False,32,0.4375,-69.8804,-186.884,64.0471,-0.207113,0.000247312,3.76526,136,9.38429e-05,0.547619,,
136,2026-09-30,H3,BTCUSDT,4h,lgbm,F1_donchian;F2_log_p_ma20;F2_log_p_ma50;F2_log_p_ma100;F3_tsmom_1w;F3_tsmom_4w;F4_vol_ratio_5_60;F4_vol_20d;F5_taker_imb_4h_z;F5_taker_imb_24h_z;F6_doi_24h;F6_doi_7d;F7_funding_30d;F7_funding_sign_run;F8_dvol;F8_dvol_chg_5d;F8_vrp;F10_dxy_chg_5d;X_hmm_p_0;X_hmm_p_1;X_hmm_p_2;F12_hour_sin;F12_hour_cos;F12_weekday;F12_h_to_funding,tp2σ/sl1.5σ,48,primary + M2[lgbm] p>0.60,2022-06-14T04:00:00+00:00,2025-03-24T04:00:00+00:00,False,17,0.588235,-6.43262,-176.501,182.358,-0.0165521,-0.353125,3.72649,136,0.00335562,0.547619,,
